Subject,Task,Contrast,Gradient,Value
01,Semantic,Probe_SCB,1,0.034
01,Semantic,Probe_SCB,2,0.2786
01,Semantic,Probe_SCB,3,-0.0074
01,Semantic,Probe_MCB,1,0.0094
01,Semantic,Probe_MCB,2,0.2795
01,Semantic,Probe_MCB,3,0.0118
01,Semantic,Dots_SCB,1,0.0768
01,Semantic,Dots_SCB,2,0.1221
01,Semantic,Dots_SCB,3,0.0666
01,Semantic,Dots_MCB,1,0.1304
01,Semantic,Dots_MCB,2,0.1396
01,Semantic,Dots_MCB,3,0.0012
01,Semantic,Decision_SCB,1,0.0623
01,Semantic,Decision_SCB,2,0.3444
01,Semantic,Decision_SCB,3,-0.0923
01,Semantic,Decision_MCB,1,0.0252
01,Semantic,Decision_MCB,2,0.3386
01,Semantic,Decision_MCB,3,-0.1123
01,Context,Probe_SCB,1,-0.0243
01,Context,Probe_SCB,2,0.3556
01,Context,Probe_SCB,3,0.006
01,Context,Probe_MCB,1,0.0048
01,Context,Probe_MCB,2,0.3513
01,Context,Probe_MCB,3,-0.0036
01,Context,Dots_SCB,1,0.1273
01,Context,Dots_SCB,2,0.1953
01,Context,Dots_SCB,3,-0.0017
01,Context,Dots_MCB,1,0.0838
01,Context,Dots_MCB,2,0.246
01,Context,Dots_MCB,3,0.0124
01,Context,Decision_SCB,1,-0.0187
01,Context,Decision_SCB,2,0.3203
01,Context,Decision_SCB,3,-0.0276
01,Context,Decision_MCB,1,-0.0003
01,Context,Decision_MCB,2,0.2997
01,Context,Decision_MCB,3,-0.0107
02,Semantic,Probe_SCB,1,-0.1928
02,Semantic,Probe_SCB,2,0.2258
02,Semantic,Probe_SCB,3,-0.1425
02,Semantic,Probe_MCB,1,-0.1297
02,Semantic,Probe_MCB,2,0.238
02,Semantic,Probe_MCB,3,-0.1409
02,Semantic,Dots_SCB,1,-0.0834
02,Semantic,Dots_SCB,2,0.2011
02,Semantic,Dots_SCB,3,-0.0523
02,Semantic,Dots_MCB,1,-0.0407
02,Semantic,Dots_MCB,2,0.087
02,Semantic,Dots_MCB,3,-0.0001
02,Semantic,Decision_SCB,1,-0.1053
02,Semantic,Decision_SCB,2,0.2774
02,Semantic,Decision_SCB,3,-0.0073
02,Semantic,Decision_MCB,1,-0.1548
02,Semantic,Decision_MCB,2,0.2752
02,Semantic,Decision_MCB,3,-0.0128
02,Context,Probe_SCB,1,-0.152
02,Context,Probe_SCB,2,0.3511
02,Context,Probe_SCB,3,0.0616
02,Context,Probe_MCB,1,-0.1698
02,Context,Probe_MCB,2,0.3385
02,Context,Probe_MCB,3,0.041
02,Context,Dots_SCB,1,0.0063
02,Context,Dots_SCB,2,0.2421
02,Context,Dots_SCB,3,0.1035
02,Context,Dots_MCB,1,0.0528
02,Context,Dots_MCB,2,0.1819
02,Context,Dots_MCB,3,0.1148
02,Context,Decision_SCB,1,-0.1307
02,Context,Decision_SCB,2,0.3471
02,Context,Decision_SCB,3,0.0302
02,Context,Decision_MCB,1,-0.1837
02,Context,Decision_MCB,2,0.3578
02,Context,Decision_MCB,3,0.0195
03,Semantic,Probe_SCB,1,0.0645
03,Semantic,Probe_SCB,2,0.2216
03,Semantic,Probe_SCB,3,-0.0162
03,Semantic,Probe_MCB,1,0.0604
03,Semantic,Probe_MCB,2,0.1963
03,Semantic,Probe_MCB,3,-0.0378
03,Semantic,Dots_SCB,1,0.1398
03,Semantic,Dots_SCB,2,-0.0095
03,Semantic,Dots_SCB,3,0.0644
03,Semantic,Dots_MCB,1,0.2332
03,Semantic,Dots_MCB,2,0.0558
03,Semantic,Dots_MCB,3,0.0192
03,Semantic,Decision_SCB,1,-0.1303
03,Semantic,Decision_SCB,2,0.2331
03,Semantic,Decision_SCB,3,-0.0601
03,Semantic,Decision_MCB,1,-0.1962
03,Semantic,Decision_MCB,2,0.1952
03,Semantic,Decision_MCB,3,0.078
03,Context,Probe_SCB,1,-0.1074
03,Context,Probe_SCB,2,0.3082
03,Context,Probe_SCB,3,0.0585
03,Context,Probe_MCB,1,-0.1013
03,Context,Probe_MCB,2,0.3128
03,Context,Probe_MCB,3,0.0377
03,Context,Dots_SCB,1,0.1232
03,Context,Dots_SCB,2,0.0989
03,Context,Dots_SCB,3,0.1854
03,Context,Dots_MCB,1,-0.0042
03,Context,Dots_MCB,2,0.0791
03,Context,Dots_MCB,3,0.1399
03,Context,Decision_SCB,1,-0.1818
03,Context,Decision_SCB,2,0.2805
03,Context,Decision_SCB,3,-0.0637
03,Context,Decision_MCB,1,-0.0191
03,Context,Decision_MCB,2,0.2698
03,Context,Decision_MCB,3,-0.0028
04,Semantic,Probe_SCB,1,-0.0478
04,Semantic,Probe_SCB,2,0.2855
04,Semantic,Probe_SCB,3,-0.0402
04,Semantic,Probe_MCB,1,-0.1283
04,Semantic,Probe_MCB,2,0.285
04,Semantic,Probe_MCB,3,0.0206
04,Semantic,Dots_SCB,1,-0.1176
04,Semantic,Dots_SCB,2,0.2531
04,Semantic,Dots_SCB,3,0.0141
04,Semantic,Dots_MCB,1,0.0626
04,Semantic,Dots_MCB,2,0.1351
04,Semantic,Dots_MCB,3,-0.0616
04,Semantic,Decision_SCB,1,0.137
04,Semantic,Decision_SCB,2,0.1484
04,Semantic,Decision_SCB,3,-0.0767
04,Semantic,Decision_MCB,1,0.0995
04,Semantic,Decision_MCB,2,0.1904
04,Semantic,Decision_MCB,3,-0.0835
04,Context,Probe_SCB,1,-0.0376
04,Context,Probe_SCB,2,0.1658
04,Context,Probe_SCB,3,-0.0472
04,Context,Probe_MCB,1,-0.0594
04,Context,Probe_MCB,2,0.1876
04,Context,Probe_MCB,3,-0.0301
04,Context,Dots_SCB,1,-0.0694
04,Context,Dots_SCB,2,0.1815
04,Context,Dots_SCB,3,0.0506
04,Context,Dots_MCB,1,-0.0502
04,Context,Dots_MCB,2,0.0978
04,Context,Dots_MCB,3,0.0161
04,Context,Decision_SCB,1,-0.1358
04,Context,Decision_SCB,2,0.2565
04,Context,Decision_SCB,3,-0.0486
04,Context,Decision_MCB,1,-0.1286
04,Context,Decision_MCB,2,0.2986
04,Context,Decision_MCB,3,-0.0952
05,Semantic,Probe_SCB,1,-0.1773
05,Semantic,Probe_SCB,2,0.2947
05,Semantic,Probe_SCB,3,0.0387
05,Semantic,Probe_MCB,1,-0.1661
05,Semantic,Probe_MCB,2,0.3149
05,Semantic,Probe_MCB,3,0.0175
05,Semantic,Dots_SCB,1,-0.1199
05,Semantic,Dots_SCB,2,0.1549
05,Semantic,Dots_SCB,3,0.0136
05,Semantic,Dots_MCB,1,-0.0914
05,Semantic,Dots_MCB,2,0.1519
05,Semantic,Dots_MCB,3,0.0719
05,Semantic,Decision_SCB,1,-0.1011
05,Semantic,Decision_SCB,2,0.3212
05,Semantic,Decision_SCB,3,0.0546
05,Semantic,Decision_MCB,1,-0.1425
05,Semantic,Decision_MCB,2,0.2849
05,Semantic,Decision_MCB,3,-0.0113
05,Context,Probe_SCB,1,-0.1569
05,Context,Probe_SCB,2,0.3092
05,Context,Probe_SCB,3,0.0512
05,Context,Probe_MCB,1,-0.1392
05,Context,Probe_MCB,2,0.3151
05,Context,Probe_MCB,3,0.022
05,Context,Dots_SCB,1,-0.1825
05,Context,Dots_SCB,2,0.2422
05,Context,Dots_SCB,3,0.0755
05,Context,Dots_MCB,1,-0.1431
05,Context,Dots_MCB,2,0.2121
05,Context,Dots_MCB,3,0.142
05,Context,Decision_SCB,1,0.0007
05,Context,Decision_SCB,2,0.2732
05,Context,Decision_SCB,3,0.0821
05,Context,Decision_MCB,1,-0.0552
05,Context,Decision_MCB,2,0.3232
05,Context,Decision_MCB,3,0.0753
06,Semantic,Probe_SCB,1,-0.0895
06,Semantic,Probe_SCB,2,0.1419
06,Semantic,Probe_SCB,3,-0.0206
06,Semantic,Probe_MCB,1,-0.0217
06,Semantic,Probe_MCB,2,0.1631
06,Semantic,Probe_MCB,3,-0.0699
06,Semantic,Dots_SCB,1,0.0583
06,Semantic,Dots_SCB,2,-0.1174
06,Semantic,Dots_SCB,3,0.001
06,Semantic,Dots_MCB,1,0.0177
06,Semantic,Dots_MCB,2,-0.1384
06,Semantic,Dots_MCB,3,0.0952
06,Semantic,Decision_SCB,1,-0.1127
06,Semantic,Decision_SCB,2,0.401
06,Semantic,Decision_SCB,3,-0.0275
06,Semantic,Decision_MCB,1,-0.0755
06,Semantic,Decision_MCB,2,0.4023
06,Semantic,Decision_MCB,3,-0.0823
06,Context,Probe_SCB,1,-0.0899
06,Context,Probe_SCB,2,0.3062
06,Context,Probe_SCB,3,0.0654
06,Context,Probe_MCB,1,-0.1751
06,Context,Probe_MCB,2,0.3263
06,Context,Probe_MCB,3,0.0514
06,Context,Dots_SCB,1,-0.0774
06,Context,Dots_SCB,2,0.0609
06,Context,Dots_SCB,3,0.1658
06,Context,Dots_MCB,1,-0.0388
06,Context,Dots_MCB,2,0.0402
06,Context,Dots_MCB,3,0.1408
06,Context,Decision_SCB,1,-0.1911
06,Context,Decision_SCB,2,0.343
06,Context,Decision_SCB,3,-0.0017
06,Context,Decision_MCB,1,-0.1328
06,Context,Decision_MCB,2,0.3084
06,Context,Decision_MCB,3,0.031
07,Semantic,Probe_SCB,1,-0.1985
07,Semantic,Probe_SCB,2,0.164
07,Semantic,Probe_SCB,3,0.0096
07,Semantic,Probe_MCB,1,-0.1961
07,Semantic,Probe_MCB,2,0.1115
07,Semantic,Probe_MCB,3,-0.0241
07,Semantic,Dots_SCB,1,-0.0663
07,Semantic,Dots_SCB,2,0.0765
07,Semantic,Dots_SCB,3,-0.1632
07,Semantic,Dots_MCB,1,-0.1393
07,Semantic,Dots_MCB,2,0.1129
07,Semantic,Dots_MCB,3,-0.1365
07,Semantic,Decision_SCB,1,-0.0944
07,Semantic,Decision_SCB,2,0.1673
07,Semantic,Decision_SCB,3,0.167
07,Semantic,Decision_MCB,1,-0.0064
07,Semantic,Decision_MCB,2,0.1759
07,Semantic,Decision_MCB,3,0.1273
07,Context,Probe_SCB,1,-0.0216
07,Context,Probe_SCB,2,0.2321
07,Context,Probe_SCB,3,-0.0652
07,Context,Probe_MCB,1,-0.0483
07,Context,Probe_MCB,2,0.2413
07,Context,Probe_MCB,3,-0.0436
07,Context,Dots_SCB,1,0.0027
07,Context,Dots_SCB,2,0.1078
07,Context,Dots_SCB,3,-0.0456
07,Context,Dots_MCB,1,0.0612
07,Context,Dots_MCB,2,0.0675
07,Context,Dots_MCB,3,0.0001
07,Context,Decision_SCB,1,0.0404
07,Context,Decision_SCB,2,0.2432
07,Context,Decision_SCB,3,0.0039
07,Context,Decision_MCB,1,0.0478
07,Context,Decision_MCB,2,0.2854
07,Context,Decision_MCB,3,-0.1077
08,Semantic,Probe_SCB,1,-0.1059
08,Semantic,Probe_SCB,2,0.2236
08,Semantic,Probe_SCB,3,-0.0391
08,Semantic,Probe_MCB,1,-0.0925
08,Semantic,Probe_MCB,2,0.2582
08,Semantic,Probe_MCB,3,-0.0005
08,Semantic,Dots_SCB,1,0.0155
08,Semantic,Dots_SCB,2,-0.011
08,Semantic,Dots_SCB,3,0.0125
08,Semantic,Dots_MCB,1,-0.0085
08,Semantic,Dots_MCB,2,-0.0101
08,Semantic,Dots_MCB,3,0.0117
08,Semantic,Decision_SCB,1,-0.1533
08,Semantic,Decision_SCB,2,0.2917
08,Semantic,Decision_SCB,3,0.0017
08,Semantic,Decision_MCB,1,-0.1772
08,Semantic,Decision_MCB,2,0.3498
08,Semantic,Decision_MCB,3,-0.068
08,Context,Probe_SCB,1,-0.1076
08,Context,Probe_SCB,2,0.3186
08,Context,Probe_SCB,3,-0.039
08,Context,Probe_MCB,1,-0.1371
08,Context,Probe_MCB,2,0.3386
08,Context,Probe_MCB,3,-0.0224
08,Context,Dots_SCB,1,0.0402
08,Context,Dots_SCB,2,0.1306
08,Context,Dots_SCB,3,0.0193
08,Context,Dots_MCB,1,-0.0797
08,Context,Dots_MCB,2,0.1132
08,Context,Dots_MCB,3,-0.0202
08,Context,Decision_SCB,1,-0.2536
08,Context,Decision_SCB,2,0.3571
08,Context,Decision_SCB,3,-0.0528
08,Context,Decision_MCB,1,-0.1389
08,Context,Decision_MCB,2,0.3688
08,Context,Decision_MCB,3,-0.0536
09,Semantic,Probe_SCB,1,-0.2088
09,Semantic,Probe_SCB,2,0.3359
09,Semantic,Probe_SCB,3,-0.0302
09,Semantic,Probe_MCB,1,-0.183
09,Semantic,Probe_MCB,2,0.336
09,Semantic,Probe_MCB,3,0.0098
09,Semantic,Dots_SCB,1,0.0013
09,Semantic,Dots_SCB,2,0.1471
09,Semantic,Dots_SCB,3,-0.0267
09,Semantic,Dots_MCB,1,-0.1011
09,Semantic,Dots_MCB,2,0.1958
09,Semantic,Dots_MCB,3,0.0271
09,Semantic,Decision_SCB,1,-0.2706
09,Semantic,Decision_SCB,2,0.2883
09,Semantic,Decision_SCB,3,0.1172
09,Semantic,Decision_MCB,1,-0.1554
09,Semantic,Decision_MCB,2,0.3073
09,Semantic,Decision_MCB,3,-0.1195
09,Context,Probe_SCB,1,-0.1581
09,Context,Probe_SCB,2,0.3995
09,Context,Probe_SCB,3,0.0316
09,Context,Probe_MCB,1,-0.1492
09,Context,Probe_MCB,2,0.4071
09,Context,Probe_MCB,3,-0.0094
09,Context,Dots_SCB,1,-0.0201
09,Context,Dots_SCB,2,0.2567
09,Context,Dots_SCB,3,0.0522
09,Context,Dots_MCB,1,0.0005
09,Context,Dots_MCB,2,0.2488
09,Context,Dots_MCB,3,0.1126
09,Context,Decision_SCB,1,-0.12
09,Context,Decision_SCB,2,0.4296
09,Context,Decision_SCB,3,0.0615
09,Context,Decision_MCB,1,-0.1715
09,Context,Decision_MCB,2,0.4045
09,Context,Decision_MCB,3,0.0396
10,Semantic,Probe_SCB,1,-0.1909
10,Semantic,Probe_SCB,2,0.3293
10,Semantic,Probe_SCB,3,0.0201
10,Semantic,Probe_MCB,1,-0.1682
10,Semantic,Probe_MCB,2,0.3421
10,Semantic,Probe_MCB,3,0.0412
10,Semantic,Dots_SCB,1,-0.0739
10,Semantic,Dots_SCB,2,0.143
10,Semantic,Dots_SCB,3,0.0382
10,Semantic,Dots_MCB,1,-0.2314
10,Semantic,Dots_MCB,2,0.1156
10,Semantic,Dots_MCB,3,0.0207
10,Semantic,Decision_SCB,1,-0.0708
10,Semantic,Decision_SCB,2,0.3571
10,Semantic,Decision_SCB,3,0.0139
10,Semantic,Decision_MCB,1,-0.0494
10,Semantic,Decision_MCB,2,0.3414
10,Semantic,Decision_MCB,3,-0.0023
10,Context,Probe_SCB,1,-0.1794
10,Context,Probe_SCB,2,0.3153
10,Context,Probe_SCB,3,0.0551
10,Context,Probe_MCB,1,-0.1823
10,Context,Probe_MCB,2,0.3183
10,Context,Probe_MCB,3,0.0531
10,Context,Dots_SCB,1,0.0245
10,Context,Dots_SCB,2,0.1281
10,Context,Dots_SCB,3,-0.0202
10,Context,Dots_MCB,1,-0.0106
10,Context,Dots_MCB,2,0.095
10,Context,Dots_MCB,3,0.0907
10,Context,Decision_SCB,1,-0.1238
10,Context,Decision_SCB,2,0.3143
10,Context,Decision_SCB,3,0.0758
10,Context,Decision_MCB,1,-0.0901
10,Context,Decision_MCB,2,0.3424
10,Context,Decision_MCB,3,0.0244
11,Semantic,Probe_SCB,1,-0.1186
11,Semantic,Probe_SCB,2,0.1638
11,Semantic,Probe_SCB,3,-0.1541
11,Semantic,Probe_MCB,1,-0.1071
11,Semantic,Probe_MCB,2,0.1612
11,Semantic,Probe_MCB,3,-0.1434
11,Semantic,Dots_SCB,1,0.013
11,Semantic,Dots_SCB,2,0.079
11,Semantic,Dots_SCB,3,-0.1098
11,Semantic,Dots_MCB,1,-0.0189
11,Semantic,Dots_MCB,2,0.0349
11,Semantic,Dots_MCB,3,-0.1712
11,Semantic,Decision_SCB,1,-0.2144
11,Semantic,Decision_SCB,2,0.2567
11,Semantic,Decision_SCB,3,0.0035
11,Semantic,Decision_MCB,1,-0.1178
11,Semantic,Decision_MCB,2,0.2929
11,Semantic,Decision_MCB,3,0.1006
11,Context,Probe_SCB,1,-0.1203
11,Context,Probe_SCB,2,0.2184
11,Context,Probe_SCB,3,-0.0959
11,Context,Probe_MCB,1,-0.1328
11,Context,Probe_MCB,2,0.2087
11,Context,Probe_MCB,3,-0.0417
11,Context,Dots_SCB,1,-0.094
11,Context,Dots_SCB,2,0.0371
11,Context,Dots_SCB,3,0.0423
11,Context,Dots_MCB,1,-0.0696
11,Context,Dots_MCB,2,0.0721
11,Context,Dots_MCB,3,-0.0003
11,Context,Decision_SCB,1,-0.09
11,Context,Decision_SCB,2,0.3517
11,Context,Decision_SCB,3,-0.1051
11,Context,Decision_MCB,1,-0.139
11,Context,Decision_MCB,2,0.3407
11,Context,Decision_MCB,3,-0.1114
12,Semantic,Probe_SCB,1,0.0464
12,Semantic,Probe_SCB,2,0.1683
12,Semantic,Probe_SCB,3,0.085
12,Semantic,Probe_MCB,1,0.0455
12,Semantic,Probe_MCB,2,0.1384
12,Semantic,Probe_MCB,3,0.0687
12,Semantic,Dots_SCB,1,0.1171
12,Semantic,Dots_SCB,2,-0.05
12,Semantic,Dots_SCB,3,0.2043
12,Semantic,Dots_MCB,1,0.1568
12,Semantic,Dots_MCB,2,-0.0527
12,Semantic,Dots_MCB,3,0.1262
12,Semantic,Decision_SCB,1,-0.1589
12,Semantic,Decision_SCB,2,0.2798
12,Semantic,Decision_SCB,3,-0.165
12,Semantic,Decision_MCB,1,-0.2318
12,Semantic,Decision_MCB,2,0.2723
12,Semantic,Decision_MCB,3,-0.0594
12,Context,Probe_SCB,1,-0.0496
12,Context,Probe_SCB,2,0.3358
12,Context,Probe_SCB,3,-0.0909
12,Context,Probe_MCB,1,-0.0397
12,Context,Probe_MCB,2,0.3132
12,Context,Probe_MCB,3,-0.1017
12,Context,Dots_SCB,1,0.0778
12,Context,Dots_SCB,2,-0.0417
12,Context,Dots_SCB,3,0.0764
12,Context,Dots_MCB,1,0.0832
12,Context,Dots_MCB,2,-0.0281
12,Context,Dots_MCB,3,0.1347
12,Context,Decision_SCB,1,-0.2691
12,Context,Decision_SCB,2,0.3541
12,Context,Decision_SCB,3,-0.0075
12,Context,Decision_MCB,1,-0.2754
12,Context,Decision_MCB,2,0.3611
12,Context,Decision_MCB,3,-0.0388
13,Semantic,Probe_SCB,1,0.0033
13,Semantic,Probe_SCB,2,0.1543
13,Semantic,Probe_SCB,3,-0.1353
13,Semantic,Probe_MCB,1,-0.0311
13,Semantic,Probe_MCB,2,0.1686
13,Semantic,Probe_MCB,3,-0.1353
13,Semantic,Dots_SCB,1,0.0362
13,Semantic,Dots_SCB,2,0.1023
13,Semantic,Dots_SCB,3,-0.1179
13,Semantic,Dots_MCB,1,0.0375
13,Semantic,Dots_MCB,2,0.0466
13,Semantic,Dots_MCB,3,-0.0636
13,Semantic,Decision_SCB,1,-0.0821
13,Semantic,Decision_SCB,2,0.1044
13,Semantic,Decision_SCB,3,0.177
13,Semantic,Decision_MCB,1,-0.1201
13,Semantic,Decision_MCB,2,0.2333
13,Semantic,Decision_MCB,3,0.1733
13,Context,Probe_SCB,1,-0.1116
13,Context,Probe_SCB,2,0.251
13,Context,Probe_SCB,3,0.0363
13,Context,Probe_MCB,1,-0.1403
13,Context,Probe_MCB,2,0.2423
13,Context,Probe_MCB,3,0.0234
13,Context,Dots_SCB,1,-0.0312
13,Context,Dots_SCB,2,0.155
13,Context,Dots_SCB,3,0.0251
13,Context,Dots_MCB,1,0.0055
13,Context,Dots_MCB,2,0.1258
13,Context,Dots_MCB,3,-0.022
13,Context,Decision_SCB,1,-0.0268
13,Context,Decision_SCB,2,0.2216
13,Context,Decision_SCB,3,0.024
13,Context,Decision_MCB,1,0.0076
13,Context,Decision_MCB,2,0.2468
13,Context,Decision_MCB,3,0.0687
14,Semantic,Probe_SCB,1,-0.1691
14,Semantic,Probe_SCB,2,0.1516
14,Semantic,Probe_SCB,3,0.0018
14,Semantic,Probe_MCB,1,-0.1613
14,Semantic,Probe_MCB,2,0.1538
14,Semantic,Probe_MCB,3,-0.0568
14,Semantic,Dots_SCB,1,-0.1118
14,Semantic,Dots_SCB,2,0.0111
14,Semantic,Dots_SCB,3,0.0107
14,Semantic,Dots_MCB,1,-0.0258
14,Semantic,Dots_MCB,2,-0.0585
14,Semantic,Dots_MCB,3,0.0658
14,Semantic,Decision_SCB,1,-0.0281
14,Semantic,Decision_SCB,2,0.2799
14,Semantic,Decision_SCB,3,-0.0403
14,Semantic,Decision_MCB,1,-0.1199
14,Semantic,Decision_MCB,2,0.3302
14,Semantic,Decision_MCB,3,-0.0104
14,Context,Probe_SCB,1,-0.1434
14,Context,Probe_SCB,2,0.2512
14,Context,Probe_SCB,3,0.0234
14,Context,Probe_MCB,1,-0.1668
14,Context,Probe_MCB,2,0.2283
14,Context,Probe_MCB,3,-0.0038
14,Context,Dots_SCB,1,0.0384
14,Context,Dots_SCB,2,0.0622
14,Context,Dots_SCB,3,0.0251
14,Context,Dots_MCB,1,0.0413
14,Context,Dots_MCB,2,0.0809
14,Context,Dots_MCB,3,0.0261
14,Context,Decision_SCB,1,-0.1925
14,Context,Decision_SCB,2,0.3205
14,Context,Decision_SCB,3,0.015
14,Context,Decision_MCB,1,-0.192
14,Context,Decision_MCB,2,0.3244
14,Context,Decision_MCB,3,0.0191
15,Semantic,Probe_SCB,1,-0.1166
15,Semantic,Probe_SCB,2,0.1681
15,Semantic,Probe_SCB,3,0.0159
15,Semantic,Probe_MCB,1,-0.0728
15,Semantic,Probe_MCB,2,0.1854
15,Semantic,Probe_MCB,3,-0.0176
15,Semantic,Dots_SCB,1,-0.0576
15,Semantic,Dots_SCB,2,0.041
15,Semantic,Dots_SCB,3,-0.0325
15,Semantic,Dots_MCB,1,0.029
15,Semantic,Dots_MCB,2,0.0399
15,Semantic,Dots_MCB,3,-0.0612
15,Semantic,Decision_SCB,1,-0.0298
15,Semantic,Decision_SCB,2,0.3293
15,Semantic,Decision_SCB,3,-0.0077
15,Semantic,Decision_MCB,1,-0.1451
15,Semantic,Decision_MCB,2,0.3295
15,Semantic,Decision_MCB,3,0.0893
15,Context,Probe_SCB,1,-0.0539
15,Context,Probe_SCB,2,0.2918
15,Context,Probe_SCB,3,0.0115
15,Context,Probe_MCB,1,-0.0538
15,Context,Probe_MCB,2,0.29
15,Context,Probe_MCB,3,-0.0003
15,Context,Dots_SCB,1,0.0436
15,Context,Dots_SCB,2,0.1037
15,Context,Dots_SCB,3,0.0031
15,Context,Dots_MCB,1,0.1245
15,Context,Dots_MCB,2,0.0968
15,Context,Dots_MCB,3,-0.0549
15,Context,Decision_SCB,1,0.0117
15,Context,Decision_SCB,2,0.3544
15,Context,Decision_SCB,3,0.0071
15,Context,Decision_MCB,1,-0.1257
15,Context,Decision_MCB,2,0.3957
15,Context,Decision_MCB,3,0.0186
16,Semantic,Probe_SCB,1,-0.0192
16,Semantic,Probe_SCB,2,-0.0106
16,Semantic,Probe_SCB,3,0.1768
16,Semantic,Probe_MCB,1,0.0315
16,Semantic,Probe_MCB,2,0.0246
16,Semantic,Probe_MCB,3,0.1105
16,Semantic,Dots_SCB,1,-0.0293
16,Semantic,Dots_SCB,2,-0.0984
16,Semantic,Dots_SCB,3,0.2133
16,Semantic,Dots_MCB,1,-0.0499
16,Semantic,Dots_MCB,2,-0.0705
16,Semantic,Dots_MCB,3,0.2089
16,Semantic,Decision_SCB,1,-0.0525
16,Semantic,Decision_SCB,2,0.3719
16,Semantic,Decision_SCB,3,-0.0695
16,Semantic,Decision_MCB,1,-0.073
16,Semantic,Decision_MCB,2,0.3243
16,Semantic,Decision_MCB,3,-0.0514
16,Context,Probe_SCB,1,0.009
16,Context,Probe_SCB,2,0.2609
16,Context,Probe_SCB,3,0.0212
16,Context,Probe_MCB,1,-0.0426
16,Context,Probe_MCB,2,0.2312
16,Context,Probe_MCB,3,0.0687
16,Context,Dots_SCB,1,0.149
16,Context,Dots_SCB,2,-0.0205
16,Context,Dots_SCB,3,-0.0061
16,Context,Dots_MCB,1,0.175
16,Context,Dots_MCB,2,-0.0422
16,Context,Dots_MCB,3,-0.0071
16,Context,Decision_SCB,1,-0.1755
16,Context,Decision_SCB,2,0.3214
16,Context,Decision_SCB,3,0.0689
16,Context,Decision_MCB,1,-0.1519
16,Context,Decision_MCB,2,0.3633
16,Context,Decision_MCB,3,0.0392
19,Semantic,Probe_SCB,1,-0.0181
19,Semantic,Probe_SCB,2,0.077
19,Semantic,Probe_SCB,3,0.1923
19,Semantic,Probe_MCB,1,-0.0181
19,Semantic,Probe_MCB,2,0.0669
19,Semantic,Probe_MCB,3,0.1871
19,Semantic,Dots_SCB,1,0.0922
19,Semantic,Dots_SCB,2,-0.0026
19,Semantic,Dots_SCB,3,0.1572
19,Semantic,Dots_MCB,1,0.089
19,Semantic,Dots_MCB,2,0.0337
19,Semantic,Dots_MCB,3,0.1438
19,Semantic,Decision_SCB,1,-0.1402
19,Semantic,Decision_SCB,2,0.259
19,Semantic,Decision_SCB,3,0.0198
19,Semantic,Decision_MCB,1,-0.1343
19,Semantic,Decision_MCB,2,0.2496
19,Semantic,Decision_MCB,3,0.1176
19,Context,Probe_SCB,1,-0.1219
19,Context,Probe_SCB,2,0.3793
19,Context,Probe_SCB,3,-0.0199
19,Context,Probe_MCB,1,-0.1436
19,Context,Probe_MCB,2,0.3718
19,Context,Probe_MCB,3,-0.004
19,Context,Dots_SCB,1,0.0258
19,Context,Dots_SCB,2,0.1617
19,Context,Dots_SCB,3,-0.0088
19,Context,Dots_MCB,1,-0.0124
19,Context,Dots_MCB,2,0.2188
19,Context,Dots_MCB,3,-0.0874
19,Context,Decision_SCB,1,-0.1483
19,Context,Decision_SCB,2,0.2636
19,Context,Decision_SCB,3,0.0381
19,Context,Decision_MCB,1,-0.0248
19,Context,Decision_MCB,2,0.2265
19,Context,Decision_MCB,3,0.1228
21,Semantic,Probe_SCB,1,-0.2975
21,Semantic,Probe_SCB,2,0.1719
21,Semantic,Probe_SCB,3,-0.0428
21,Semantic,Probe_MCB,1,-0.2387
21,Semantic,Probe_MCB,2,0.1785
21,Semantic,Probe_MCB,3,-0.0624
21,Semantic,Dots_SCB,1,-0.0564
21,Semantic,Dots_SCB,2,0.0181
21,Semantic,Dots_SCB,3,-0.0247
21,Semantic,Dots_MCB,1,-0.0672
21,Semantic,Dots_MCB,2,0.0032
21,Semantic,Dots_MCB,3,0.0297
21,Semantic,Decision_SCB,1,-0.1247
21,Semantic,Decision_SCB,2,0.3152
21,Semantic,Decision_SCB,3,-0.0625
21,Semantic,Decision_MCB,1,-0.178
21,Semantic,Decision_MCB,2,0.3402
21,Semantic,Decision_MCB,3,-0.0465
21,Context,Probe_SCB,1,-0.282
21,Context,Probe_SCB,2,0.2096
21,Context,Probe_SCB,3,0.1378
21,Context,Probe_MCB,1,-0.2571
21,Context,Probe_MCB,2,0.2521
21,Context,Probe_MCB,3,0.1312
21,Context,Dots_SCB,1,-0.087
21,Context,Dots_SCB,2,0.0465
21,Context,Dots_SCB,3,0.1969
21,Context,Dots_MCB,1,-0.0668
21,Context,Dots_MCB,2,0.0117
21,Context,Dots_MCB,3,0.0904
21,Context,Decision_SCB,1,-0.1451
21,Context,Decision_SCB,2,0.3585
21,Context,Decision_SCB,3,-0.0382
21,Context,Decision_MCB,1,-0.1247
21,Context,Decision_MCB,2,0.3932
21,Context,Decision_MCB,3,0.0185
22,Semantic,Probe_SCB,1,-0.1897
22,Semantic,Probe_SCB,2,0.106
22,Semantic,Probe_SCB,3,0.1865
22,Semantic,Probe_MCB,1,-0.2217
22,Semantic,Probe_MCB,2,0.0993
22,Semantic,Probe_MCB,3,0.137
22,Semantic,Dots_SCB,1,-0.0694
22,Semantic,Dots_SCB,2,-0.0064
22,Semantic,Dots_SCB,3,0.0651
22,Semantic,Dots_MCB,1,-0.0685
22,Semantic,Dots_MCB,2,-0.0189
22,Semantic,Dots_MCB,3,0.1599
22,Semantic,Decision_SCB,1,-0.1051
22,Semantic,Decision_SCB,2,0.2133
22,Semantic,Decision_SCB,3,0.031
22,Semantic,Decision_MCB,1,-0.0211
22,Semantic,Decision_MCB,2,0.1563
22,Semantic,Decision_MCB,3,-0.0172
22,Context,Probe_SCB,1,0.0146
22,Context,Probe_SCB,2,0.0862
22,Context,Probe_SCB,3,0.1152
22,Context,Probe_MCB,1,0.0327
22,Context,Probe_MCB,2,0.1376
22,Context,Probe_MCB,3,0.0731
22,Context,Dots_SCB,1,0.0789
22,Context,Dots_SCB,2,-0.0764
22,Context,Dots_SCB,3,0.113
22,Context,Dots_MCB,1,0.125
22,Context,Dots_MCB,2,-0.0455
22,Context,Dots_MCB,3,0.108
22,Context,Decision_SCB,1,0.0362
22,Context,Decision_SCB,2,0.2921
22,Context,Decision_SCB,3,-0.0176
22,Context,Decision_MCB,1,-0.0355
22,Context,Decision_MCB,2,0.2556
22,Context,Decision_MCB,3,-0.0011
23,Semantic,Probe_SCB,1,0.0283
23,Semantic,Probe_SCB,2,0.2907
23,Semantic,Probe_SCB,3,-0.1049
23,Semantic,Probe_MCB,1,-0.0362
23,Semantic,Probe_MCB,2,0.3003
23,Semantic,Probe_MCB,3,-0.094
23,Semantic,Dots_SCB,1,0.0994
23,Semantic,Dots_SCB,2,0.1486
23,Semantic,Dots_SCB,3,-0.149
23,Semantic,Dots_MCB,1,0.1394
23,Semantic,Dots_MCB,2,0.1059
23,Semantic,Dots_MCB,3,0.0557
23,Semantic,Decision_SCB,1,-0.1789
23,Semantic,Decision_SCB,2,0.2738
23,Semantic,Decision_SCB,3,0.0031
23,Semantic,Decision_MCB,1,-0.109
23,Semantic,Decision_MCB,2,0.3071
23,Semantic,Decision_MCB,3,-0.1015
23,Context,Probe_SCB,1,-0.0129
23,Context,Probe_SCB,2,0.3425
23,Context,Probe_SCB,3,-0.0413
23,Context,Probe_MCB,1,-0.024
23,Context,Probe_MCB,2,0.3491
23,Context,Probe_MCB,3,-0.0441
23,Context,Dots_SCB,1,0.1031
23,Context,Dots_SCB,2,0.0962
23,Context,Dots_SCB,3,0.0409
23,Context,Dots_MCB,1,0.1661
23,Context,Dots_MCB,2,0.0678
23,Context,Dots_MCB,3,0.0214
23,Context,Decision_SCB,1,-0.1551
23,Context,Decision_SCB,2,0.3504
23,Context,Decision_SCB,3,-0.0308
23,Context,Decision_MCB,1,-0.1984
23,Context,Decision_MCB,2,0.3487
23,Context,Decision_MCB,3,-0.0037
24,Semantic,Probe_SCB,1,-0.227
24,Semantic,Probe_SCB,2,0.2301
24,Semantic,Probe_SCB,3,0.0265
24,Semantic,Probe_MCB,1,-0.2286
24,Semantic,Probe_MCB,2,0.206
24,Semantic,Probe_MCB,3,0.0011
24,Semantic,Dots_SCB,1,-0.3
24,Semantic,Dots_SCB,2,-0.0218
24,Semantic,Dots_SCB,3,0.1252
24,Semantic,Dots_MCB,1,-0.2299
24,Semantic,Dots_MCB,2,0.0234
24,Semantic,Dots_MCB,3,0.1575
24,Semantic,Decision_SCB,1,0.0282
24,Semantic,Decision_SCB,2,0.3072
24,Semantic,Decision_SCB,3,0.0638
24,Semantic,Decision_MCB,1,-0.0347
24,Semantic,Decision_MCB,2,0.3325
24,Semantic,Decision_MCB,3,-0.0375
24,Context,Probe_SCB,1,-0.0348
24,Context,Probe_SCB,2,0.2445
24,Context,Probe_SCB,3,-0.0327
24,Context,Probe_MCB,1,-0.0423
24,Context,Probe_MCB,2,0.1693
24,Context,Probe_MCB,3,-0.0212
24,Context,Dots_SCB,1,0.0314
24,Context,Dots_SCB,2,0.0365
24,Context,Dots_SCB,3,-0.0247
24,Context,Dots_MCB,1,-0.0018
24,Context,Dots_MCB,2,0.1466
24,Context,Dots_MCB,3,-0.0384
24,Context,Decision_SCB,1,-0.0941
24,Context,Decision_SCB,2,0.2984
24,Context,Decision_SCB,3,0.0077
24,Context,Decision_MCB,1,-0.1118
24,Context,Decision_MCB,2,0.3167
24,Context,Decision_MCB,3,-0.0835
50,Semantic,Probe_SCB,1,-0.0406
50,Semantic,Probe_SCB,2,0.2338
50,Semantic,Probe_SCB,3,0.0688
50,Semantic,Probe_MCB,1,-0.0603
50,Semantic,Probe_MCB,2,0.1845
50,Semantic,Probe_MCB,3,0.0854
50,Semantic,Dots_SCB,1,0.0494
50,Semantic,Dots_SCB,2,0.1433
50,Semantic,Dots_SCB,3,0.0385
50,Semantic,Dots_MCB,1,0.0091
50,Semantic,Dots_MCB,2,0.1985
50,Semantic,Dots_MCB,3,0.0845
50,Semantic,Decision_SCB,1,-0.2924
50,Semantic,Decision_SCB,2,0.1486
50,Semantic,Decision_SCB,3,0.1119
50,Semantic,Decision_MCB,1,-0.2442
50,Semantic,Decision_MCB,2,0.1646
50,Semantic,Decision_MCB,3,0.0854
50,Context,Probe_SCB,1,-0.0663
50,Context,Probe_SCB,2,0.4241
50,Context,Probe_SCB,3,-0.0039
50,Context,Probe_MCB,1,-0.0759
50,Context,Probe_MCB,2,0.3953
50,Context,Probe_MCB,3,-0.0032
50,Context,Dots_SCB,1,0.1206
50,Context,Dots_SCB,2,0.328
50,Context,Dots_SCB,3,-0.0562
50,Context,Dots_MCB,1,0.0236
50,Context,Dots_MCB,2,0.3411
50,Context,Dots_MCB,3,-0.0048
50,Context,Decision_SCB,1,-0.2125
50,Context,Decision_SCB,2,0.2815
50,Context,Decision_SCB,3,0.0508
50,Context,Decision_MCB,1,-0.1085
50,Context,Decision_MCB,2,0.2161
50,Context,Decision_MCB,3,0.033
51,Semantic,Probe_SCB,1,0.0119
51,Semantic,Probe_SCB,2,0.0728
51,Semantic,Probe_SCB,3,0.032
51,Semantic,Probe_MCB,1,-0.1065
51,Semantic,Probe_MCB,2,0.0159
51,Semantic,Probe_MCB,3,0.0273
51,Semantic,Dots_SCB,1,-0.0216
51,Semantic,Dots_SCB,2,0.0409
51,Semantic,Dots_SCB,3,0.0835
51,Semantic,Dots_MCB,1,0.0145
51,Semantic,Dots_MCB,2,-0.0323
51,Semantic,Dots_MCB,3,0.0978
51,Semantic,Decision_SCB,1,0.1855
51,Semantic,Decision_SCB,2,0.0212
51,Semantic,Decision_SCB,3,-0.1627
51,Semantic,Decision_MCB,1,0.0914
51,Semantic,Decision_MCB,2,0.1408
51,Semantic,Decision_MCB,3,-0.1587
51,Context,Probe_SCB,1,-0.0347
51,Context,Probe_SCB,2,0.1434
51,Context,Probe_SCB,3,0.0665
51,Context,Probe_MCB,1,0.0062
51,Context,Probe_MCB,2,0.0844
51,Context,Probe_MCB,3,0.088
51,Context,Dots_SCB,1,-0.0457
51,Context,Dots_SCB,2,0.0465
51,Context,Dots_SCB,3,0.1317
51,Context,Dots_MCB,1,-0.1925
51,Context,Dots_MCB,2,0.1101
51,Context,Dots_MCB,3,0.0659
51,Context,Decision_SCB,1,-0.022
51,Context,Decision_SCB,2,0.18
51,Context,Decision_SCB,3,0.0124
51,Context,Decision_MCB,1,0.1434
51,Context,Decision_MCB,2,0.0015
51,Context,Decision_MCB,3,-0.0208
52,Semantic,Probe_SCB,1,0.0486
52,Semantic,Probe_SCB,2,0.1366
52,Semantic,Probe_SCB,3,0.0304
52,Semantic,Probe_MCB,1,0.0344
52,Semantic,Probe_MCB,2,0.1636
52,Semantic,Probe_MCB,3,0.0247
52,Semantic,Dots_SCB,1,0.0656
52,Semantic,Dots_SCB,2,0.1206
52,Semantic,Dots_SCB,3,0.1233
52,Semantic,Dots_MCB,1,0.1125
52,Semantic,Dots_MCB,2,0.1323
52,Semantic,Dots_MCB,3,-0.1075
52,Semantic,Decision_SCB,1,-0.0591
52,Semantic,Decision_SCB,2,-0.0619
52,Semantic,Decision_SCB,3,-0.0877
52,Semantic,Decision_MCB,1,-0.1
52,Semantic,Decision_MCB,2,0.0093
52,Semantic,Decision_MCB,3,0.0963
52,Context,Probe_SCB,1,-0.0721
52,Context,Probe_SCB,2,0.1469
52,Context,Probe_SCB,3,0.1547
52,Context,Probe_MCB,1,-0.133
52,Context,Probe_MCB,2,0.1654
52,Context,Probe_MCB,3,0.1284
52,Context,Dots_SCB,1,-0.1028
52,Context,Dots_SCB,2,0.0956
52,Context,Dots_SCB,3,0.1308
52,Context,Dots_MCB,1,-0.1081
52,Context,Dots_MCB,2,0.0811
52,Context,Dots_MCB,3,0.1116
52,Context,Decision_SCB,1,-0.0542
52,Context,Decision_SCB,2,0.1009
52,Context,Decision_SCB,3,-0.0457
52,Context,Decision_MCB,1,0.0945
52,Context,Decision_MCB,2,0.0426
52,Context,Decision_MCB,3,-0.098
53,Semantic,Probe_SCB,1,-0.1422
53,Semantic,Probe_SCB,2,0.1529
53,Semantic,Probe_SCB,3,0.185
53,Semantic,Probe_MCB,1,-0.1063
53,Semantic,Probe_MCB,2,0.1668
53,Semantic,Probe_MCB,3,0.209
53,Semantic,Dots_SCB,1,-0.1702
53,Semantic,Dots_SCB,2,0.0763
53,Semantic,Dots_SCB,3,0.1754
53,Semantic,Dots_MCB,1,-0.189
53,Semantic,Dots_MCB,2,0.0786
53,Semantic,Dots_MCB,3,0.1214
53,Semantic,Decision_SCB,1,0.117
53,Semantic,Decision_SCB,2,-0.0178
53,Semantic,Decision_SCB,3,-0.0401
53,Semantic,Decision_MCB,1,-0.0158
53,Semantic,Decision_MCB,2,0.0131
53,Semantic,Decision_MCB,3,-0.0516
53,Context,Probe_SCB,1,-0.1142
53,Context,Probe_SCB,2,0.2307
53,Context,Probe_SCB,3,0.0458
53,Context,Probe_MCB,1,-0.1045
53,Context,Probe_MCB,2,0.2677
53,Context,Probe_MCB,3,0.0508
53,Context,Dots_SCB,1,-0.0967
53,Context,Dots_SCB,2,0.1729
53,Context,Dots_SCB,3,0.0443
53,Context,Dots_MCB,1,0.0393
53,Context,Dots_MCB,2,0.0748
53,Context,Dots_MCB,3,-0.0585
53,Context,Decision_SCB,1,-0.0702
53,Context,Decision_SCB,2,0.0842
53,Context,Decision_SCB,3,0.0976
53,Context,Decision_MCB,1,0.0149
53,Context,Decision_MCB,2,-0.002
53,Context,Decision_MCB,3,0.1059
54,Semantic,Probe_SCB,1,-0.0185
54,Semantic,Probe_SCB,2,0.0446
54,Semantic,Probe_SCB,3,0.0631
54,Semantic,Probe_MCB,1,-0.0198
54,Semantic,Probe_MCB,2,0.0381
54,Semantic,Probe_MCB,3,0.0171
54,Semantic,Dots_SCB,1,0.1326
54,Semantic,Dots_SCB,2,0.0014
54,Semantic,Dots_SCB,3,0.0215
54,Semantic,Dots_MCB,1,0.1823
54,Semantic,Dots_MCB,2,-0.0015
54,Semantic,Dots_MCB,3,0.1345
54,Semantic,Decision_SCB,1,-0.1701
54,Semantic,Decision_SCB,2,0.2127
54,Semantic,Decision_SCB,3,0.0314
54,Semantic,Decision_MCB,1,-0.2399
54,Semantic,Decision_MCB,2,0.2001
54,Semantic,Decision_MCB,3,-0.0564
54,Context,Probe_SCB,1,-0.0123
54,Context,Probe_SCB,2,0.2627
54,Context,Probe_SCB,3,0.0314
54,Context,Probe_MCB,1,0.0014
54,Context,Probe_MCB,2,0.2518
54,Context,Probe_MCB,3,0.0397
54,Context,Dots_SCB,1,0.152
54,Context,Dots_SCB,2,0.1828
54,Context,Dots_SCB,3,0.0764
54,Context,Dots_MCB,1,0.1243
54,Context,Dots_MCB,2,0.2081
54,Context,Dots_MCB,3,0.0641
54,Context,Decision_SCB,1,-0.109
54,Context,Decision_SCB,2,0.2291
54,Context,Decision_SCB,3,-0.102
54,Context,Decision_MCB,1,-0.214
54,Context,Decision_MCB,2,0.1889
54,Context,Decision_MCB,3,-0.0912
55,Semantic,Probe_SCB,1,-0.0722
55,Semantic,Probe_SCB,2,0.071
55,Semantic,Probe_SCB,3,-0.0829
55,Semantic,Probe_MCB,1,-0.0721
55,Semantic,Probe_MCB,2,0.0789
55,Semantic,Probe_MCB,3,-0.0697
55,Semantic,Dots_SCB,1,0.0318
55,Semantic,Dots_SCB,2,-0.0076
55,Semantic,Dots_SCB,3,-0.0677
55,Semantic,Dots_MCB,1,0.0009
55,Semantic,Dots_MCB,2,0.001
55,Semantic,Dots_MCB,3,-0.0223
55,Semantic,Decision_SCB,1,-0.0527
55,Semantic,Decision_SCB,2,0.0792
55,Semantic,Decision_SCB,3,-0.0354
55,Semantic,Decision_MCB,1,-0.0351
55,Semantic,Decision_MCB,2,0.0755
55,Semantic,Decision_MCB,3,0.0075
55,Context,Probe_SCB,1,0.0498
55,Context,Probe_SCB,2,0.1009
55,Context,Probe_SCB,3,0.1107
55,Context,Probe_MCB,1,0.1108
55,Context,Probe_MCB,2,0.0644
55,Context,Probe_MCB,3,0.0668
55,Context,Dots_SCB,1,0.0129
55,Context,Dots_SCB,2,0.1238
55,Context,Dots_SCB,3,0.1236
55,Context,Dots_MCB,1,0.0992
55,Context,Dots_MCB,2,0.1029
55,Context,Dots_MCB,3,0.1111
55,Context,Decision_SCB,1,-0.0279
55,Context,Decision_SCB,2,-0.183
55,Context,Decision_SCB,3,-0.1366
55,Context,Decision_MCB,1,-0.1522
55,Context,Decision_MCB,2,-0.0719
55,Context,Decision_MCB,3,-0.1107
